{"cameraMode":{"drawMode":0,"name":"Shaded","section":"Shading Mode"},"sceneLighting":true,"audioPlay":false,"sceneViewState":{"showFog":true,"showMaterialUpdate":true,"showSkybox":true,"showFlares":true,"showImageEffects":true,"showParticleSystems":true},"in2DMode":false,"pivot":{"x":-806.6810302734375,"y":2.06744384765625,"z":-548.8931884765625},"rotation":{"x":-0.07523837685585022,"y":-0.0038917965721338989,"z":0.00028976579778827727,"w":-0.9971662759780884},"size":279.85687255859377,"orthographic":false}