{"cameraMode":{"drawMode":0,"name":"Shaded","section":"Shading Mode"},"sceneLighting":true,"audioPlay":false,"sceneViewState":{"showFog":true,"showMaterialUpdate":true,"showSkybox":true,"showFlares":true,"showImageEffects":true,"showParticleSystems":true},"in2DMode":false,"pivot":{"x":-51.33125305175781,"y":73.62345886230469,"z":-102.14053344726563},"rotation":{"x":0.14932778477668763,"y":-0.07377959042787552,"z":0.011174995452165604,"w":0.9859750270843506},"size":187.3832244873047,"orthographic":false}