{"cameraMode":{"drawMode":0,"name":"Shaded","section":"Shading Mode"},"sceneLighting":false,"audioPlay":false,"sceneViewState":{"showFog":true,"showMaterialUpdate":true,"showSkybox":false,"showFlares":true,"showImageEffects":true,"showParticleSystems":true},"in2DMode":false,"pivot":{"x":2.1000003814697267,"y":8.529999732971192,"z":0.27500009536743166},"rotation":{"x":0.1509450078010559,"y":-0.06044840067625046,"z":0.00924801267683506,"w":0.9866525530815125},"size":13.58100414276123,"orthographic":false}