{"cameraMode":{"drawMode":0,"name":"Shaded","section":"Shading Mode"},"sceneLighting":true,"audioPlay":false,"sceneViewState":{"showFog":true,"showMaterialUpdate":true,"showSkybox":true,"showFlares":true,"showImageEffects":true,"showParticleSystems":true},"in2DMode":false,"pivot":{"x":775.5673217773438,"y":483.2939147949219,"z":33.5045166015625},"rotation":{"x":-0.02880442887544632,"y":-0.009898638352751732,"z":0.0002793014864437282,"w":-0.9995459318161011},"size":540.3948364257813,"orthographic":false}