{"cameraMode":{"drawMode":0,"name":"Shaded","section":"Shading Mode"},"sceneLighting":true,"audioPlay":false,"sceneViewState":{"showFog":true,"showMaterialUpdate":true,"showSkybox":true,"showFlares":true,"showImageEffects":true,"showParticleSystems":true},"in2DMode":false,"pivot":{"x":4.454278945922852,"y":16.109800338745118,"z":-202.44720458984376},"rotation":{"x":-0.02880442887544632,"y":-0.009898638352751732,"z":0.0002793014864437282,"w":-0.9995459318161011},"size":10.0,"orthographic":false}